<browserTypes>
	<browserType> 
		<name>firefox</name> 
		<displayName>Firefox</displayName>
		<icon>firefox.png</icon>
		<path>open -n -a Firefox.app</path>  
		<options>--args -profile "$userDir/browser/ff/profiles/sahi$threadNo" -no-remote</options>  
		<processName>Firefox</processName> 
		<capacity>5</capacity>  
		<force>true</force>
	</browserType>
	
	<browserType> 
		<name>safari</name>  
		<displayName>Safari</displayName>
		<icon>safari.png</icon>
		<path>open -n -a Safari.app</path>  
		<options> </options>  
		<processName>Safari</processName> 
		<capacity>5</capacity>
		<force>true</force>  
	</browserType>
	
	<browserType> 
		<name>chrome</name>  
		<displayName>Chrome</displayName>
		<icon>chrome.png</icon>
		<path>open -n -a "Google Chrome.app"</path>  
		<options>--args --user-data-dir=$userDir/browser/chrome/profiles/sahi$threadNo --proxy-server=localhost:9999 --disable-popup-blocking</options>  
		<processName>"Google Chrome"</processName> 
		<capacity>5</capacity>
		<force>true</force>  
	</browserType>	
</browserTypes>