<?xml version="1.0" encoding="Windows-1252" ?>
<NotepadPlus>
	<AutoComplete ignoreCase="no" startFunc="(" stopFunc=")" paramSeparator="," terminal=";" >
		<KeyWord name="_addMock" />
		<KeyWord name="_accessor" />
		<KeyWord name="_alert" />
		<KeyWord name="_areEqualArrays" />
		<KeyWord name="_area" />
		<KeyWord name="_assert" />
		<KeyWord name="_assertContainsText" />
		<KeyWord name="_assertEqual" />
		<KeyWord name="_assertEqualArrays" />
		<KeyWord name="_assertExists" />
		<KeyWord name="_assertFalse" />
		<KeyWord name="_assertNotContainsText" />
		<KeyWord name="_assertNotEqual" />
		<KeyWord name="_assertNotExists" />
		<KeyWord name="_assertNotNull" />
		<KeyWord name="_assertNotTrue" />
		<KeyWord name="_assertNull" />
		<KeyWord name="_assertTrue" />
		<KeyWord name="_blockquote" />
		<KeyWord name="_blur" />
		<KeyWord name="_bold" />
		<KeyWord name="_button" />
		<KeyWord name="_byClassName" />
		<KeyWord name="_byId" />
		<KeyWord name="_bySeleniumLocator" />
		<KeyWord name="_byText" />
		<KeyWord name="_byXPath" />
		<KeyWord name="_call" />
		<KeyWord name="_callServer" />
		<KeyWord name="_callServer" />
		<KeyWord name="_cell" />
		<KeyWord name="_check" />
		<KeyWord name="_checkbox" />
		<KeyWord name="_clearLastAlert" />
		<KeyWord name="_clearLastConfirm" />
		<KeyWord name="_clearLastDownloadedFileName" />
		<KeyWord name="_clearLastPrompt" />
		<KeyWord name="_clearPrintCalled" />
		<KeyWord name="_click" />
		<KeyWord name="_clickLinkByAccessor" />
		<KeyWord name="_closeWindow" />
		<KeyWord name="_code" />
		<KeyWord name="_condition" />
		<KeyWord name="_confirm" />
		<KeyWord name="_contains" />
		<KeyWord name="_containsHTML" />
		<KeyWord name="_containsText" />
		<KeyWord name="_continueOnError" />
		<KeyWord name="_cookie" />
		<KeyWord name="_createCookie" />
		<KeyWord name="_dataDrive" />
		<KeyWord name="_datebox" />
		<KeyWord name="_datetime-localbox" />
		<KeyWord name="_datetimebox" />
		<KeyWord name="_debug" />
		<KeyWord name="_debugToErr" />
		<KeyWord name="_debugToFile" />
		<KeyWord name="_deleteCookie" />
		<KeyWord name="_deleteFile" />
		<KeyWord name="_disableKeepAlive" />
		<KeyWord name="_div" />
		<KeyWord name="_domain" />
		<KeyWord name="_doubleClick" />
		<KeyWord name="_dragDrop" />
		<KeyWord name="_dragDropXY" />
		<KeyWord name="_dynamicInclude" />
		<KeyWord name="_emailbox" />
		<KeyWord name="_emphasis" />
		<KeyWord name="_enableKeepAlive" />
		<KeyWord name="_eval" />
		<KeyWord name="_evalOnRhino" />
		<KeyWord name="_event" />
		<KeyWord name="_execute" />
		<KeyWord name="_exists" />
		<KeyWord name="_expectConfirm" />
		<KeyWord name="_expectPrompt" />
		<KeyWord name="_fail" />
		<KeyWord name="_fetch" />
		<KeyWord name="_file" />
		<KeyWord name="_flex" />
		<KeyWord name="_focus" />
		<KeyWord name="_get" />
		<KeyWord name="_getAttribute" />
		<KeyWord name="_getCellText" />
		<KeyWord name="_getDB" />
		<KeyWord name="_getGlobal" />
		<KeyWord name="_getSelectedText" />
		<KeyWord name="_getText" />
		<KeyWord name="_getValue" />
		<KeyWord name="_heading1" />
		<KeyWord name="_heading2" />
		<KeyWord name="_heading3" />
		<KeyWord name="_heading4" />
		<KeyWord name="_heading5" />
		<KeyWord name="_heading6" />
		<KeyWord name="_hidden" />
		<KeyWord name="_hidden" />
		<KeyWord name="_highlight" />
		<KeyWord name="_iframe" />
		<KeyWord name="_image" />
		<KeyWord name="_imageSubmitButton" />
		<KeyWord name="_in" />
		<KeyWord name="_isChrome" />
		<KeyWord name="_isFF" />
		<KeyWord name="_isFF3" />
		<KeyWord name="_isHTMLUnit" />
		<KeyWord name="_isIE" />
		<KeyWord name="_isOpera" />
		<KeyWord name="_isSafari" />
		<KeyWord name="_isVisible" />
		<KeyWord name="_italic" />
		<KeyWord name="_keyDown" />
		<KeyWord name="_keyPress" />
		<KeyWord name="_keyUp" />
		<KeyWord name="_label" />
		<KeyWord name="_lastAlert" />
		<KeyWord name="_lastConfirm" />
		<KeyWord name="_lastDownloadedFileName" />
		<KeyWord name="_lastPrompt" />
		<KeyWord name="_link" />
		<KeyWord name="_list" />
		<KeyWord name="_listItem" />
		<KeyWord name="_log" />
		<KeyWord name="_logException" />
		<KeyWord name="_logExceptionAsFailure" />
		<KeyWord name="_map" />
		<KeyWord name="_mockImage" />
		<KeyWord name="_monthbox" />
		<KeyWord name="_mouseDown" />
		<KeyWord name="_mouseOver" />
		<KeyWord name="_mouseUp" />
		<KeyWord name="_navigateTo" />
		<KeyWord name="_near" />
		<KeyWord name="_numberbox" />
		<KeyWord name="_option" />
		<KeyWord name="_parentCell" />
		<KeyWord name="_parentNode" />
		<KeyWord name="_parentRow" />
		<KeyWord name="_parentTable" />
		<KeyWord name="_password" />
		<KeyWord name="_popup" />
		<KeyWord name="_position" />
		<KeyWord name="_preformatted" />
		<KeyWord name="_print" />
		<KeyWord name="_printCalled" />
		<KeyWord name="_prompt" />
		<KeyWord name="_radio" />
		<KeyWord name="_random" />
		<KeyWord name="_rangebox" />
		<KeyWord name="_re" />
		<KeyWord name="_readCSVFile" />
		<KeyWord name="_readFile" />
		<KeyWord name="_readURL" />
		<KeyWord name="_removeFocus" />
		<KeyWord name="_removeMock" />
		<KeyWord name="_removeRecovery" />
		<KeyWord name="_renameFile" />
		<KeyWord name="_reset" />
		<KeyWord name="_resetSavedRandom" />
		<KeyWord name="_resolvePath" />
		<KeyWord name="_rightClick" />
		<KeyWord name="_row" />
		<KeyWord name="_rte" />
		<KeyWord name="_rteHTML" />
		<KeyWord name="_rteText" />
		<KeyWord name="_rteWrite" />
		<KeyWord name="_runUnitTests" />
		<KeyWord name="_saveDownloadedAs" />
		<KeyWord name="_savedRandom" />
		<KeyWord name="_scriptName" />
		<KeyWord name="_scriptPath" />
		<KeyWord name="_scriptStatus" />
		<KeyWord name="_select" />
		<KeyWord name="_selectDomain" />
		<KeyWord name="_selectWindow" />
		<KeyWord name="_sessionInfo" />
		<KeyWord name="_setFile" />
		<KeyWord name="_setGlobal" />
		<KeyWord name="_setRecovery" />
		<KeyWord name="_setSelected" />
		<KeyWord name="_setSpeed" />
		<KeyWord name="_setValue" />
		<KeyWord name="_simulateEvent" />
		<KeyWord name="_simulateMouseEvent" />
		<KeyWord name="_simulateMouseEventXY" />
		<KeyWord name="_span" />
		<KeyWord name="_spandiv" />
		<KeyWord name="_stackTrace" />
		<KeyWord name="_stopOnError" />
		<KeyWord name="_strong" />
		<KeyWord name="_style" />
		<KeyWord name="_submit" />
		<KeyWord name="_suiteInfo" />
		<KeyWord name="_table" />
		<KeyWord name="_tableHeader" />
		<KeyWord name="_telbox" />
		<KeyWord name="_textarea" />
		<KeyWord name="_textbox" />
		<KeyWord name="_timebox" />
		<KeyWord name="_title" />
		<KeyWord name="_type" />
		<KeyWord name="_uncheck" />
		<KeyWord name="_under" />
		<KeyWord name="_urlbox" />
		<KeyWord name="_userDataDir" />
		<KeyWord name="_userDataPath" />
		<KeyWord name="_wait" />
		<KeyWord name="_weekbox" />		
		<KeyWord name="_writeCSVFile" />
		<KeyWord name="_writeFile" />
		<KeyWord name="_writeToFile" />
		<KeyWord name="_xy" />
	</AutoComplete>
</NotepadPlus>